onset	duration	trial_type
0.5992555999982869	3.0076473000081023	loss
7.783092400000896	3.0083150999998907	win
