onset	duration	trial_type
0.5932846999930916	3.048131400006241	loss
7.827714200000628	3.0459036999964155	win
